elapsed_s,channels_touched_so_far,server_mem_rss_mb,client_mem_rss_mb
0.0,0,1094.68,1.93
1.0,0,1133.83,39.05
2.0,0,1133.86,39.06
3.0,20,1133.89,39.08
4.0,20,1133.92,39.09
5.0,40,1133.95,39.11
6.0,40,1133.96,39.12
7.0,40,1134.01,39.12
8.0,60,1134.03,39.13
9.0,60,1134.07,39.14
10.0,80,1134.1,39.15
11.0,80,1134.11,39.17
12.0,80,1134.16,39.18
13.0,100,1134.17,39.19
14.0,100,1134.21,39.2
15.0,120,1134.23,39.21
16.0,120,1134.27,39.22
17.0,120,1134.31,39.23
18.0,140,1134.33,39.23
19.0,140,1134.36,39.24
20.0,160,1134.39,39.25
21.0,160,1134.43,39.26
22.0,160,1134.46,39.28
23.0,180,1134.48,39.29
24.0,180,1134.48,39.3
25.0,180,1134.52,39.3
26.0,200,1134.53,39.3
27.0,200,1134.55,39.32
28.0,200,1134.56,39.33
29.0,220,1134.59,39.33
30.0,220,1134.6,39.34
31.0,220,1134.62,39.34
32.0,240,1134.62,39.35
33.0,240,1134.66,39.36
34.0,260,1134.68,39.37
35.0,260,1134.68,39.38
36.0,260,1134.7,39.38
37.0,280,1134.73,39.39
38.1,280,1134.74,39.39
39.1,280,1134.75,39.41
40.1,300,1134.78,39.41
41.1,300,1134.79,39.41
42.1,300,1134.82,39.43
43.1,320,1134.82,39.43
44.1,320,1134.84,39.44
45.1,320,1134.89,39.44
46.1,340,1134.91,39.45
47.1,340,1134.92,39.49
48.1,340,1134.97,39.5
49.1,360,1134.99,39.5
50.1,360,1135.02,39.51
51.1,360,1135.03,39.52
52.1,380,1135.04,39.53
53.1,380,1135.1,39.53
54.1,380,1135.12,39.54
55.1,400,1135.12,39.54
56.1,400,1135.13,39.55
57.1,400,1135.21,39.56
58.1,420,1135.22,39.57
59.1,420,1135.23,39.57
60.1,420,1135.27,39.58
61.1,440,1135.31,39.59
62.1,440,1135.32,39.59
63.1,440,1135.32,39.6
64.1,460,1135.34,39.6
65.1,460,1135.41,39.62
66.1,460,1135.42,39.62
67.1,480,1135.43,39.63
68.1,480,1135.45,39.63
69.1,480,1135.51,39.64
70.1,500,1135.52,39.66
71.1,500,1135.54,39.76
72.1,520,1135.6,39.77
73.1,520,1135.61,39.77
74.1,520,1135.62,39.79
75.1,540,1135.62,39.79
76.1,540,1135.7,39.8
77.1,560,1135.72,39.81
78.1,560,1135.73,39.82
79.1,560,1135.75,39.82
80.1,580,1135.8,39.83
81.1,580,1135.82,39.84
82.1,580,1135.84,39.86
83.1,600,1135.86,39.86
84.1,600,1135.93,39.86
85.1,620,1135.94,39.88
86.1,620,1135.95,39.88
87.1,620,1136.02,39.89
88.1,640,1136.04,39.9
89.1,640,1136.04,39.91
90.1,660,1136.08,39.92
91.1,660,1136.14,39.92
92.1,660,1136.14,39.93
93.1,680,1136.16,39.98
94.1,680,1136.22,39.99
95.1,700,1136.24,40.0
96.1,700,1136.26,40.0
97.1,700,1136.32,40.0
98.1,720,1136.35,40.02
99.1,720,1136.36,40.03
100.1,740,1136.37,40.03
101.1,740,1136.43,40.04
102.1,740,1136.45,40.05
103.1,760,1136.46,40.05
104.2,760,1136.49,40.06
105.2,780,1136.56,40.07
106.2,780,1136.57,40.08
107.2,780,1136.58,40.09
108.2,800,1136.62,40.11
109.2,800,1136.66,40.12
110.2,800,1136.68,40.13
111.2,820,1136.68,40.14
112.2,820,1136.75,40.14
113.2,840,1136.77,40.15
114.2,840,1136.8,40.16
115.2,840,1136.85,40.17
116.2,860,1136.89,40.17
117.2,860,1136.9,40.18
118.2,880,1136.91,40.19
119.2,880,1136.98,40.2
120.2,880,1137.01,40.21
121.2,900,1137.01,40.21
122.2,900,1137.01,40.21
123.2,900,1137.09,40.23
124.2,920,1137.11,40.23
125.2,920,1137.11,40.24
126.2,920,1137.12,40.25
127.2,940,1137.18,40.25
128.2,940,1137.2,40.27
129.2,960,1137.21,40.27
130.2,960,1137.23,40.27
131.2,960,1137.29,40.29
132.2,980,1137.31,40.29
133.2,980,1137.32,40.3
134.2,980,1137.33,40.3
135.2,1000,1137.39,40.3
136.2,1000,1137.41,40.42
137.2,1000,1137.42,40.43
138.2,1020,1137.43,40.44
139.2,1020,1137.49,40.66
140.2,1040,1137.51,40.66
141.2,1040,1137.52,40.67
142.2,1040,1137.59,40.68
143.2,1060,1137.61,40.68
144.2,1060,1137.62,40.69
145.2,1080,1137.64,40.7
146.2,1080,1137.7,40.7
147.2,1080,1137.73,40.71
148.2,1100,1137.73,40.71
149.2,1100,1137.8,40.72
150.2,1120,1137.82,40.73
151.2,1120,1137.83,40.73
152.2,1120,1137.85,40.75
153.2,1140,1137.91,40.75
154.2,1140,1137.93,40.76
155.2,1160,1137.95,40.76
156.2,1160,1138.01,40.76
157.2,1160,1138.03,40.77
158.2,1180,1138.04,40.78
159.2,1180,1138.09,40.79
160.2,1200,1138.12,40.79
161.2,1200,1138.13,40.8
162.2,1200,1138.15,40.8
163.2,1220,1138.21,40.82
164.2,1220,1138.24,40.82
165.2,1220,1138.25,40.84
166.2,1240,1138.31,40.84
167.2,1240,1138.34,40.84
168.2,1240,1138.34,40.85
169.2,1260,1138.37,40.86
170.2,1260,1138.43,40.87
171.3,1280,1138.45,40.88
172.3,1280,1138.46,40.88
173.3,1280,1138.5,40.89
174.3,1300,1138.54,40.89
175.3,1300,1138.56,40.9
176.3,1320,1138.59,40.9
177.3,1320,1138.64,40.91
178.3,1320,1138.66,40.93
179.3,1340,1138.66,40.93
180.3,1340,1138.68,40.93
181.3,1340,1138.75,40.93
182.3,1360,1138.76,40.95
183.3,1360,1138.77,41.05
184.3,1360,1138.83,41.06
185.3,1380,1138.84,41.06
186.3,1380,1138.87,41.07
187.3,1400,1138.88,41.08
188.3,1400,1138.95,41.09
189.3,1400,1138.97,41.09
190.3,1420,1138.98,41.09
191.3,1420,1139.02,41.1
192.3,1420,1139.06,41.11
193.3,1440,1139.08,41.12
194.3,1440,1139.09,41.12
195.3,1440,1139.14,41.13
196.3,1460,1139.16,41.13
197.3,1460,1139.18,41.14
198.3,1460,1139.18,41.14
199.3,1480,1139.23,41.15
200.3,1480,1139.28,41.16
201.3,1480,1139.28,41.16
202.3,1500,1139.29,41.27
203.3,1500,1139.36,41.28
204.3,1520,1139.39,41.29
205.3,1520,1139.39,41.29
206.3,1520,1139.47,41.3
207.3,1540,1139.49,41.3
208.3,1540,1139.5,41.32
209.3,1560,1139.51,41.32
210.3,1560,1139.57,41.33
211.3,1560,1139.6,41.33
212.3,1580,1139.61,41.34
213.3,1580,1139.64,41.35
214.3,1600,1139.69,41.35
215.3,1600,1139.7,41.36
216.3,1600,1139.73,41.37
217.3,1620,1139.77,41.37
218.3,1620,1139.8,41.38
219.3,1640,1139.82,41.39
220.3,1640,1139.84,41.39
221.3,1640,1139.88,41.4
222.3,1660,1139.91,41.41
223.3,1660,1139.91,41.41
224.3,1680,1139.98,41.42
225.3,1680,1140.0,41.43
226.3,1680,1140.01,41.44
227.3,1700,1140.04,41.44
228.3,1700,1140.1,41.45
229.3,1720,1140.11,41.45
230.3,1720,1140.12,41.46
231.3,1720,1140.18,41.46
232.4,1740,1140.2,41.48
233.4,1740,1140.21,41.48
234.4,1760,1140.23,41.49
235.4,1760,1140.25,41.49
236.4,1760,1140.27,41.5
237.4,1780,1140.27,41.51
238.4,1780,1140.3,41.52
239.4,1800,1140.3,41.52
240.4,1800,1140.31,41.53
241.4,1800,1140.33,41.53
242.4,1820,1140.35,41.54
243.4,1820,1140.36,41.54
244.4,1840,1140.36,41.56
245.4,1840,1140.38,41.56
246.4,1840,1140.4,41.57
247.4,1860,1140.4,41.57
248.4,1860,1140.41,41.59
249.4,1880,1140.43,41.61
250.4,1880,1140.44,41.61
251.4,1880,1140.46,41.62
252.4,1900,1140.48,41.63
253.4,1900,1140.48,41.64
254.4,1920,1140.49,41.64
255.4,1920,1140.51,41.64
256.4,1920,1140.51,41.66
257.4,1940,1140.53,41.66
258.4,1940,1140.54,41.67
259.4,1940,1140.55,41.67
260.4,1960,1140.56,41.68
261.4,1960,1140.56,41.69
262.4,1980,1140.59,41.69
263.4,1980,1140.6,41.7
264.4,1980,1140.6,41.71
265.4,2000,1140.62,41.82
266.4,2000,1140.63,41.83
267.4,2000,1140.64,41.83
268.4,2020,1140.64,41.83
269.4,2020,1140.64,41.84
270.4,2020,1140.67,41.85
271.4,2040,1140.67,41.86
272.4,2040,1140.68,42.07
273.4,2040,1140.69,42.09
274.4,2060,1140.7,42.1
275.4,2060,1140.71,42.1
276.4,2060,1140.72,42.11
277.4,2080,1140.72,42.11
278.4,2080,1140.73,42.12
279.4,2080,1140.74,42.12
280.4,2100,1140.75,42.13
281.4,2100,1140.75,42.14
282.4,2100,1140.77,42.14
283.4,2120,1140.78,42.15
284.4,2120,1140.79,42.16
285.4,2120,1140.79,42.16
286.4,2140,1140.81,42.16
287.4,2140,1140.82,42.16
288.4,2140,1140.82,42.18
289.4,2160,1140.84,42.18
290.4,2160,1140.85,42.19
291.4,2160,1140.85,42.19
292.4,2160,1140.85,42.2
293.4,2180,1140.87,42.2
294.5,2180,1140.88,42.21
295.5,2180,1140.88,42.21
296.5,2200,1140.89,42.22
297.5,2200,1140.9,42.22
298.5,2200,1140.91,42.23
299.5,2220,1140.92,42.23
300.5,2220,1140.93,42.23
301.5,2220,1140.93,42.24
302.5,2240,1140.94,42.24
303.5,2240,1140.95,42.25
304.5,2240,1140.95,42.26
305.5,2240,1140.96,42.27
306.5,2260,1140.97,42.27
307.5,2260,1140.98,42.27
308.5,2280,1141.0,42.28
309.5,2280,1141.0,42.29
310.5,2280,1141.01,42.29
311.5,2300,1141.01,42.3
312.5,2300,1141.02,42.3
313.5,2300,1141.04,42.31
314.5,2320,1141.05,42.32
315.5,2320,1141.05,42.32
316.5,2320,1141.06,42.33
317.5,2340,1141.07,42.33
318.5,2340,1141.07,42.34
319.5,2340,1141.09,42.34
320.5,2360,1141.09,42.35
321.5,2360,1141.11,42.35
322.5,2360,1141.12,42.36
323.5,2380,1141.12,42.38
324.5,2380,1141.12,42.38
325.5,2380,1141.15,42.38
326.5,2400,1141.15,42.38
327.5,2400,1141.15,42.4
328.5,2400,1141.17,42.4
329.5,2420,1141.18,42.41
330.5,2420,1141.18,42.41
331.5,2420,1141.19,42.42
332.5,2440,1141.2,42.43
333.5,2440,1141.21,42.43
334.5,2440,1141.21,42.44
335.5,2460,1141.22,42.45
336.5,2460,1141.23,42.45
337.5,2460,1141.25,42.46
338.5,2480,1141.25,42.46
339.5,2480,1141.27,42.47
340.5,2480,1141.27,42.47
341.5,2500,1141.29,42.59
342.5,2500,1141.29,42.6
343.5,2500,1141.3,42.6
344.5,2520,1141.3,42.61
345.5,2520,1141.31,42.61
346.5,2540,1141.32,42.62
347.5,2540,1141.32,42.63
348.5,2540,1141.33,42.63
349.5,2560,1141.34,42.64
350.5,2560,1141.35,42.65
351.5,2560,1141.36,42.65
352.5,2580,1141.36,42.65
353.5,2580,1141.37,42.67
354.5,2580,1141.39,42.67
355.6,2600,1141.39,42.68
356.6,2600,1141.39,42.69
357.6,2600,1141.41,42.69
358.6,2620,1141.42,42.7
359.6,2620,1141.43,42.7
360.6,2620,1141.43,42.71
361.6,2640,1141.45,42.71
362.6,2640,1141.45,42.72
363.6,2660,1141.46,42.73
364.6,2660,1141.46,42.74
365.6,2660,1141.48,42.74
366.6,2680,1141.48,42.75
367.6,2680,1141.49,42.75
368.6,2680,1141.5,42.77
369.6,2700,1141.51,42.77
370.6,2700,1141.52,42.77
371.6,2700,1141.53,42.78
372.6,2720,1141.54,42.79
373.6,2720,1141.55,42.8
374.6,2720,1141.55,43.02
375.6,2740,1141.56,43.02
376.6,2740,1141.57,43.02
377.6,2740,1141.58,43.03
378.6,2760,1141.59,43.04
379.6,2760,1141.59,43.05
380.6,2760,1141.6,43.05
381.6,2780,1141.61,43.05
382.6,2780,1141.62,43.05
383.6,2780,1141.62,43.07
384.6,2800,1141.62,43.07
385.6,2800,1141.63,43.08
386.6,2800,1141.64,43.09
387.6,2820,1141.66,43.09
388.6,2820,1141.66,43.1
389.6,2820,1141.67,43.1
390.6,2840,1141.68,43.11
391.6,2840,1141.68,43.11
392.6,2840,1141.7,43.12
393.6,2860,1141.7,43.12
394.6,2860,1141.7,43.13
395.6,2860,1141.71,43.13
396.6,2880,1141.72,43.14
397.6,2880,1141.73,43.15
398.6,2880,1141.74,43.15
399.6,2900,1141.75,43.16
400.6,2900,1141.75,43.16
401.6,2900,1141.76,43.16
402.6,2920,1141.77,43.18
403.6,2920,1141.77,43.18
404.6,2920,1141.78,43.19
405.6,2940,1141.8,43.19
406.6,2940,1141.8,43.2
407.6,2940,1141.8,43.2
408.6,2960,1141.81,43.2
409.6,2960,1141.82,43.21
410.6,2960,1141.83,43.22
411.6,2980,1141.84,43.23
412.6,2980,1141.84,43.23
413.6,2980,1141.86,43.23
414.6,3000,1141.86,43.24
415.6,3000,1141.87,43.35
416.7,3000,1141.88,43.36
417.7,3000,1141.88,43.37
418.7,3020,1141.88,43.37
419.7,3020,1141.89,43.37
420.7,3020,1141.89,43.38
421.7,3020,1141.9,43.38
422.7,3040,1141.9,43.38
423.7,3040,1141.9,43.39
424.7,3040,1141.91,43.39
425.7,3040,1141.92,43.4
426.7,3060,1141.92,43.4
427.7,3060,1141.93,43.41
428.7,3060,1141.93,43.41
429.7,3060,1141.94,43.56
430.7,3080,1141.95,43.56
431.7,3080,1141.95,43.56
432.7,3080,1141.95,43.57
433.7,3080,1141.96,43.57
434.7,3100,1141.97,43.57
435.7,3100,1141.97,43.58
436.7,3100,1141.98,43.59
437.7,3100,1141.98,43.59
438.7,3120,1141.99,43.59
439.7,3120,1141.99,43.6
440.7,3120,1142.0,43.6
441.7,3120,1142.0,43.6
442.7,3140,1142.02,43.61
443.7,3140,1142.02,43.62
444.7,3140,1142.02,43.62
445.7,3140,1142.02,43.62
446.7,3160,1142.04,43.62
447.7,3160,1142.04,43.62
448.7,3160,1142.05,43.64
449.7,3160,1142.05,43.64
450.7,3180,1142.05,43.64
451.7,3180,1142.06,43.65
452.7,3180,1142.07,43.65
453.7,3180,1142.07,43.66
454.7,3200,1142.07,43.66
455.7,3200,1142.08,43.66
456.7,3200,1142.1,43.67
457.7,3200,1142.1,43.67
458.7,3220,1142.11,43.68
459.7,3220,1142.11,43.68
460.7,3220,1142.11,43.68
461.7,3220,1142.12,43.7
462.7,3240,1142.12,43.7
463.7,3240,1142.13,43.7
464.7,3240,1142.13,43.7
465.7,3240,1142.14,43.7
466.7,3260,1142.15,43.71
467.7,3260,1142.16,43.71
468.7,3260,1142.16,43.72
469.7,3260,1142.17,43.73
470.7,3280,1142.17,43.73
471.7,3280,1142.18,43.73
472.7,3280,1142.2,43.73
473.7,3280,1142.2,43.74
474.7,3300,1142.2,43.75
475.7,3300,1142.2,43.77
476.7,3300,1142.23,43.78
477.7,3300,1142.23,43.78
478.7,3320,1142.23,43.79
479.7,3320,1142.24,43.79
480.7,3320,1142.25,43.8
481.8,3320,1142.25,43.8
482.8,3340,1142.25,43.8
483.8,3340,1142.27,43.8
484.8,3340,1142.28,43.81
485.8,3340,1142.28,43.82
486.8,3360,1142.29,43.82
487.8,3360,1142.3,43.82
488.8,3360,1142.31,43.83
489.8,3360,1142.31,43.84
490.8,3380,1142.31,43.84
491.8,3380,1142.32,43.84
492.8,3380,1142.34,43.84
493.8,3380,1142.35,43.85
494.8,3400,1142.35,43.86
495.8,3400,1142.35,43.86
496.8,3400,1142.36,43.86
497.8,3400,1142.39,43.86
498.8,3420,1142.39,43.87
499.8,3420,1142.39,43.88
500.8,3420,1142.4,43.88
501.8,3420,1142.41,43.88
502.8,3440,1142.42,43.89
503.8,3440,1142.43,43.89
504.8,3440,1142.44,43.9
505.8,3440,1142.45,43.9
506.8,3460,1142.45,43.9
507.8,3460,1142.46,43.91
508.8,3460,1142.47,43.91
509.8,3480,1142.48,43.92
510.8,3480,1142.49,43.92
511.8,3480,1142.5,43.93
512.8,3480,1142.5,43.93
513.8,3500,1142.51,43.93
514.8,3500,1142.52,44.05
515.8,3500,1142.53,44.05
516.8,3500,1142.53,44.05
517.8,3520,1142.54,44.06
518.8,3520,1142.55,44.07
519.8,3520,1142.55,44.07
520.8,3520,1142.56,44.08
521.8,3540,1142.57,44.08
522.8,3540,1142.57,44.08
523.8,3540,1142.58,44.09
524.8,3540,1142.59,44.09
525.8,3560,1142.6,44.09
526.8,3560,1142.61,44.1
527.8,3560,1142.61,44.11
528.8,3560,1142.62,44.11
529.8,3580,1142.63,44.12
530.8,3580,1142.63,44.12
531.8,3580,1142.64,44.12
532.8,3600,1142.65,44.13
533.8,3600,1142.66,44.13
534.8,3600,1142.66,44.14
535.8,3600,1142.67,44.14
536.8,3620,1142.68,44.15
537.8,3620,1142.69,44.16
538.8,3620,1142.69,44.16
539.8,3620,1142.7,44.16
540.8,3640,1142.71,44.16
541.8,3640,1142.71,44.17
542.8,3640,1142.71,44.18
543.8,3640,1142.72,44.18
544.8,3660,1142.74,44.18
545.8,3660,1142.75,44.19
546.8,3660,1142.75,44.19
547.8,3660,1142.75,44.2
548.8,3680,1142.76,44.21
549.8,3680,1142.77,44.21
550.9,3680,1142.77,44.22
551.9,3700,1142.78,44.22
552.9,3700,1142.78,44.22
553.9,3700,1142.8,44.23
554.9,3700,1142.8,44.23
555.9,3720,1142.81,44.24
556.9,3720,1142.82,44.24
557.9,3720,1142.83,44.25
558.9,3720,1142.84,44.26
559.9,3740,1142.84,44.26
560.9,3740,1142.84,44.27
561.9,3740,1142.85,44.27
562.9,3740,1142.86,44.27
563.9,3760,1142.86,44.28
564.9,3760,1142.88,44.28
565.9,3760,1142.89,44.29
566.9,3780,1142.89,44.3
567.9,3780,1142.89,44.3
568.9,3780,1142.91,44.3
569.9,3780,1142.91,44.31
570.9,3800,1142.91,44.31
571.9,3800,1142.92,44.32
572.9,3800,1142.93,44.32
573.9,3800,1142.95,44.32
574.9,3820,1142.95,44.33
575.9,3820,1142.95,44.34
576.9,3820,1142.96,44.34
577.9,3820,1142.97,44.35
578.9,3840,1142.97,44.36
579.9,3840,1142.98,44.36
580.9,3840,1142.99,44.36
581.9,3840,1143.0,44.37
582.9,3860,1143.0,44.37
583.9,3860,1143.01,44.38
584.9,3860,1143.02,44.38
585.9,3880,1143.02,44.39
586.9,3880,1143.03,44.39
587.9,3880,1143.04,44.4
588.9,3880,1143.05,44.4
589.9,3900,1143.05,44.41
590.9,3900,1143.06,44.41
591.9,3900,1143.06,44.42
592.9,3900,1143.08,44.42
593.9,3920,1143.08,44.42
594.9,3920,1143.09,44.43
595.9,3920,1143.09,44.44
596.9,3920,1143.1,44.45
597.9,3940,1143.11,44.45
598.9,3940,1143.12,44.45
599.9,3940,1143.12,44.46
600.9,3940,1143.13,44.46
601.9,3960,1143.14,44.46
602.9,3960,1143.15,44.47
603.9,3960,1143.15,44.47
604.9,3980,1143.16,44.47
605.9,3980,1143.17,44.48
606.9,3980,1143.18,44.49
607.9,3980,1143.18,44.5
608.9,4000,1143.18,44.5
609.9,4000,1143.2,44.61
610.9,4000,1143.2,44.62
611.9,4020,1143.21,44.62
613.0,4020,1143.21,44.63
614.0,4020,1143.22,44.64
615.0,4040,1143.23,44.65
616.0,4040,1143.23,44.65
617.0,4040,1143.24,44.66
618.0,4060,1143.25,44.66
619.0,4060,1143.26,44.67
620.0,4060,1143.27,44.68
621.0,4080,1143.27,44.68
622.0,4080,1143.27,44.7
623.0,4080,1143.29,44.93
624.0,4100,1143.29,44.94
625.0,4100,1143.3,44.94
626.0,4100,1143.31,44.95
627.0,4120,1143.32,44.95
628.0,4120,1143.32,44.96
629.0,4140,1143.33,44.97
630.0,4140,1143.34,44.97
631.0,4140,1143.34,44.98
632.0,4160,1143.36,44.98
633.0,4160,1143.36,44.99
634.0,4160,1143.37,44.99
635.0,4180,1143.37,45.0
636.0,4180,1143.38,45.0
637.0,4180,1143.39,45.02
638.0,4200,1143.39,45.02
639.0,4200,1143.4,45.02
640.0,4200,1143.42,45.03
641.0,4220,1143.42,45.04
642.0,4220,1143.43,45.04
643.0,4220,1143.44,45.07
644.0,4240,1143.44,45.07
645.0,4240,1143.45,45.08
646.0,4240,1143.45,45.09
647.0,4260,1143.47,45.09
648.0,4260,1143.48,45.09
649.0,4260,1143.48,45.1
650.0,4280,1143.48,45.11
651.0,4280,1143.5,45.11
652.0,4280,1143.5,45.12
653.0,4300,1143.5,45.12
654.0,4300,1143.51,45.13
655.0,4300,1143.53,45.14
656.0,4320,1143.54,45.14
657.0,4320,1143.54,45.14
658.0,4320,1143.55,45.16
659.0,4340,1143.56,45.16
660.0,4340,1143.56,45.17
661.0,4340,1143.57,45.18
662.0,4360,1143.59,45.18
663.0,4360,1143.59,45.18
664.0,4360,1143.6,45.19
665.0,4380,1143.61,45.2
666.0,4380,1143.61,45.2
667.0,4380,1143.62,45.21
668.0,4400,1143.63,45.21
669.0,4400,1143.63,45.22
670.0,4400,1143.66,45.23
671.0,4420,1143.66,45.23
672.0,4420,1143.66,45.23
673.0,4420,1143.67,45.24
674.0,4440,1143.68,45.25
675.0,4440,1143.68,45.25
676.0,4440,1143.69,45.26
677.0,4460,1143.7,45.27
678.1,4460,1143.7,45.27
679.1,4480,1143.72,45.28
680.1,4480,1143.72,45.28
681.1,4480,1143.73,45.28
682.1,4500,1143.73,45.29
683.1,4500,1143.74,45.41
684.1,4500,1143.75,45.41
685.1,4500,1143.75,45.41
686.1,4520,1143.75,45.42
687.1,4520,1143.76,45.42
688.1,4520,1143.77,45.43
689.1,4540,1143.77,45.44
690.1,4540,1143.78,45.45
691.1,4540,1143.79,45.45
692.1,4560,1143.79,45.46
693.1,4560,1143.8,45.46
694.1,4560,1143.81,45.47
695.1,4580,1143.81,45.47
696.1,4580,1143.81,45.48
697.1,4580,1143.83,45.5
698.1,4600,1143.83,45.5
699.1,4600,1143.83,45.5
700.1,4600,1143.85,45.5
701.1,4620,1143.85,45.51
702.1,4620,1143.86,45.52
703.1,4620,1143.86,45.53
704.1,4640,1143.87,45.53
705.1,4640,1143.87,45.54
706.1,4660,1143.88,45.55
707.1,4660,1143.89,45.55
708.1,4680,1143.89,45.56
709.1,4680,1143.91,45.57
710.1,4680,1143.91,45.57
711.1,4700,1143.91,45.59
712.1,4700,1143.93,45.59
713.1,4720,1143.94,45.6
714.1,4720,1143.95,45.61
715.1,4720,1143.95,45.61
716.1,4740,1143.96,45.62
717.1,4740,1143.96,45.63
718.1,4760,1143.98,45.64
719.1,4760,1143.99,45.65
720.1,4760,1143.99,45.65
721.1,4780,1144.0,45.66
722.1,4780,1144.01,45.66
723.1,4800,1144.02,45.67
724.1,4800,1144.02,45.68
725.1,4800,1144.03,45.7
726.1,4820,1144.04,45.7
727.1,4820,1144.05,45.7
728.1,4840,1144.06,45.7
729.1,4840,1144.06,45.71
730.1,4840,1144.08,45.73
731.1,4860,1144.08,45.73
732.1,4860,1144.09,45.74
733.1,4880,1144.1,45.75
734.1,4880,1144.1,45.75
735.1,4880,1144.12,45.76
736.1,4900,1144.12,45.77
737.1,4900,1144.12,45.78
738.1,4920,1144.14,45.79
739.1,4920,1144.14,45.79
740.1,4920,1144.16,45.8
741.1,4940,1144.16,45.8
742.1,4940,1144.17,45.81
743.1,4960,1144.18,45.82
744.1,4960,1144.2,45.82
745.1,4960,1144.21,45.84
746.1,4980,1144.21,45.84
747.1,4980,1144.23,45.85
748.1,5000,1144.24,45.85
749.1,5000,1144.24,45.85
750.1,5000,1144.24,45.85
751.1,5000,1144.24,45.85
752.1,5000,1144.24,45.85
753.1,5000,1144.25,45.85
754.1,5000,1144.25,45.85
755.1,5000,1144.25,45.85
756.1,5000,1144.25,45.85
757.1,5000,1144.25,45.85
758.1,5000,1144.25,45.85
759.1,5000,1144.25,45.85
760.1,5000,1144.25,45.85
761.1,5000,1144.25,45.85
762.1,5000,1144.25,45.85
763.1,5000,1144.25,45.85
764.1,5000,1144.25,45.85
765.1,5000,1144.25,45.85
766.1,5000,1144.25,45.85
767.1,5000,1144.25,45.85
768.1,5000,1144.25,45.85
769.1,5000,1144.25,45.85
770.1,5000,1144.25,45.85
771.1,5000,1144.25,45.85
772.1,5000,1144.25,45.85
773.1,5000,1144.25,45.85
774.1,5000,1144.25,45.85
775.1,5000,1144.25,45.85
776.1,5000,1144.25,45.85
777.1,5000,1144.25,45.85
778.1,5000,1144.25,45.85
779.1,5000,1144.25,45.85
780.1,5000,1144.25,45.85
781.1,5000,1144.25,45.85
782.1,5000,1144.25,45.85
783.1,5000,1144.25,45.85
784.1,5000,1144.25,45.85
785.1,5000,1144.25,45.85
786.1,5000,1144.25,45.85
787.1,5000,1144.25,45.85
788.2,5000,1144.25,45.85
789.2,5000,1144.25,45.85
790.2,5000,1144.25,45.85
791.2,5000,1144.25,45.85
792.2,5000,1144.25,45.85
793.2,5000,1144.25,45.85
794.2,5000,1144.25,45.85
795.2,5000,1144.25,45.85
796.2,5000,1144.25,45.85
